Gid,Paraderos,Ubicacion_del_Paradero,Codigo_Rutas,Rutas,Tipo,Descripcion,Horario_Lunes-Viernes_Salida1,Horario_Lunes-Viernes - Salida2,Horario_Sabado_Salida1,Horario_Sabado_Salida2,Horario_Domingo-Festivo_Salida1,Horario_Domingo-Festivo_Salida2,Nota,Fecha_Activacion,Sentido,Latitud,Longitud
139,P01 , Transferencia Santa Lucia,A105,S. Bolívar - Socorro - Santa Lucia,ALIMENTADORAS,"Inician sus recorridos en los barrios de la ciudad, y captan y distribuyen la demanda hacia la estación de transferencia Santa Lucía y el Patio Portal.",4:30 a.m. , 10:40 p.m.,5:00 a.m. , 10:00 p.m.,5:30 a.m. , 9:30 p.m.,Esta ruta comparte vías con el tráﬁco mixto.,2024-05-15,IDA,10.3797995,-75.4634378
140,P02 , SonoMarcas,A105,S. Bolívar - Socorro - Santa Lucia,ALIMENTADORAS,"Inician sus recorridos en los barrios de la ciudad, y captan y distribuyen la demanda hacia la estación de transferencia Santa Lucía y el Patio Portal.",4:30 a.m. , 10:40 p.m.,5:00 a.m. , 10:00 p.m.,5:30 a.m. , 9:30 p.m.,Esta ruta comparte vías con el tráﬁco mixto.,2024-05-15,IDA,10.3773914,-75.4668086
141,P03 , Shopping center,A105,S. Bolívar - Socorro - Santa Lucia,ALIMENTADORAS,"Inician sus recorridos en los barrios de la ciudad, y captan y distribuyen la demanda hacia la estación de transferencia Santa Lucía y el Patio Portal.",4:30 a.m. , 10:40 p.m.,5:00 a.m. , 10:00 p.m.,5:30 a.m. , 9:30 p.m.,Esta ruta comparte vías con el tráﬁco mixto.,2024-05-15,IDA,10.378391,-75.4691242
142,P04 , Biblioteca Distrital,A105,S. Bolívar - Socorro - Santa Lucia,ALIMENTADORAS,"Inician sus recorridos en los barrios de la ciudad, y captan y distribuyen la demanda hacia la estación de transferencia Santa Lucía y el Patio Portal.",4:30 a.m. , 10:40 p.m.,5:00 a.m. , 10:00 p.m.,5:30 a.m. , 9:30 p.m.,Esta ruta comparte vías con el tráﬁco mixto.,2024-05-15,IDA,10.3790148,-75.4713146
143,P05 , Colegio Juan Jose Nieto,A105,S. Bolívar - Socorro - Santa Lucia,ALIMENTADORAS,"Inician sus recorridos en los barrios de la ciudad, y captan y distribuyen la demanda hacia la estación de transferencia Santa Lucía y el Patio Portal.",4:30 a.m. , 10:40 p.m.,5:00 a.m. , 10:00 p.m.,5:30 a.m. , 9:30 p.m.,Esta ruta comparte vías con el tráﬁco mixto.,2024-05-15,IDA,10.379068,-75.4755958
144,P06 , Supergiros,A105,S. Bolívar - Socorro - Santa Lucia,ALIMENTADORAS,"Inician sus recorridos en los barrios de la ciudad, y captan y distribuyen la demanda hacia la estación de transferencia Santa Lucía y el Patio Portal.",4:30 a.m. , 10:40 p.m.,5:00 a.m. , 10:00 p.m.,5:30 a.m. , 9:30 p.m.,Esta ruta comparte vías con el tráﬁco mixto.,2024-05-15,IDA,10.3793148,-75.4786787
145,P07 , Olimpica Carmelo,A105,S. Bolívar - Socorro - Santa Lucia,ALIMENTADORAS,"Inician sus recorridos en los barrios de la ciudad, y captan y distribuyen la demanda hacia la estación de transferencia Santa Lucía y el Patio Portal.",4:30 a.m. , 10:40 p.m.,5:00 a.m. , 10:00 p.m.,5:30 a.m. , 9:30 p.m.,Esta ruta comparte vías con el tráﬁco mixto.,2024-05-15,IDA,10.3796201,-75.4811708
146,P08 , Los Jardines,A105,S. Bolívar - Socorro - Santa Lucia,ALIMENTADORAS,"Inician sus recorridos en los barrios de la ciudad, y captan y distribuyen la demanda hacia la estación de transferencia Santa Lucía y el Patio Portal.",4:30 a.m. , 10:40 p.m.,5:00 a.m. , 10:00 p.m.,5:30 a.m. , 9:30 p.m.,Esta ruta comparte vías con el tráﬁco mixto.,2024-05-15,IDA,10.3798184,-75.4845162
147,P09 , Nueva Jerusalen La Consolata,A105,S. Bolívar - Socorro - Santa Lucia,ALIMENTADORAS,"Inician sus recorridos en los barrios de la ciudad, y captan y distribuyen la demanda hacia la estación de transferencia Santa Lucía y el Patio Portal.",4:30 a.m. , 10:40 p.m.,5:00 a.m. , 10:00 p.m.,5:30 a.m. , 9:30 p.m.,Esta ruta comparte vías con el tráﬁco mixto.,2024-05-15,IDA,10.3824687,-75.4835253
148,P10 , Villa Rubia,A105,S. Bolívar - Socorro - Santa Lucia,ALIMENTADORAS,"Inician sus recorridos en los barrios de la ciudad, y captan y distribuyen la demanda hacia la estación de transferencia Santa Lucía y el Patio Portal.",4:30 a.m. , 10:40 p.m.,5:00 a.m. , 10:00 p.m.,5:30 a.m. , 9:30 p.m.,Esta ruta comparte vías con el tráﬁco mixto.,2024-05-15,IDA,10.3844386,-75.4828001
149,P11 , Clinica ESE Rafael Calvo,A105,S. Bolívar - Socorro - Santa Lucia,ALIMENTADORAS,"Inician sus recorridos en los barrios de la ciudad, y captan y distribuyen la demanda hacia la estación de transferencia Santa Lucía y el Patio Portal.",4:30 a.m. , 10:40 p.m.,5:00 a.m. , 10:00 p.m.,5:30 a.m. , 9:30 p.m.,Esta ruta comparte vías con el tráﬁco mixto.,2024-05-15,IDA,10.3882888,-75.4814398
150,P12 , Restaurante Chung Fa,A105,S. Bolívar - Socorro - Santa Lucia,ALIMENTADORAS,"Inician sus recorridos en los barrios de la ciudad, y captan y distribuyen la demanda hacia la estación de transferencia Santa Lucía y el Patio Portal.",4:30 a.m. , 10:40 p.m.,5:00 a.m. , 10:00 p.m.,5:30 a.m. , 9:30 p.m.,Esta ruta comparte vías con el tráﬁco mixto.,2024-05-15,IDA,10.3909936,-75.4795838
151,P13 , Institución Educativa Mecerdes Abrego,A105,S. Bolívar - Socorro - Santa Lucia,ALIMENTADORAS,"Inician sus recorridos en los barrios de la ciudad, y captan y distribuyen la demanda hacia la estación de transferencia Santa Lucía y el Patio Portal.",4:30 a.m. , 10:40 p.m.,5:00 a.m. , 10:00 p.m.,5:30 a.m. , 9:30 p.m.,Esta ruta comparte vías con el tráﬁco mixto.,2024-05-15,IDA,10.3931276,-75.4778012
152,P14 , Olimpica San Fernando,A105,S. Bolívar - Socorro - Santa Lucia,ALIMENTADORAS,"Inician sus recorridos en los barrios de la ciudad, y captan y distribuyen la demanda hacia la estación de transferencia Santa Lucía y el Patio Portal.",4:30 a.m. , 10:40 p.m.,5:00 a.m. , 10:00 p.m.,5:30 a.m. , 9:30 p.m.,Esta ruta comparte vías con el tráﬁco mixto.,2024-05-15,IDA,10.395091,-75.4766376
153,P15 , Colegio de la Policia Nacional,A105,S. Bolívar - Socorro - Santa Lucia,ALIMENTADORAS,"Inician sus recorridos en los barrios de la ciudad, y captan y distribuyen la demanda hacia la estación de transferencia Santa Lucía y el Patio Portal.",4:30 a.m. , 10:40 p.m.,5:00 a.m. , 10:00 p.m.,5:30 a.m. , 9:30 p.m.,Esta ruta comparte vías con el tráﬁco mixto.,2024-05-15,IDA,10.3959834,-75.4765453
154,P16 , Entrada Simon Bolivar,A105,S. Bolívar - Socorro - Santa Lucia,ALIMENTADORAS,"Inician sus recorridos en los barrios de la ciudad, y captan y distribuyen la demanda hacia la estación de transferencia Santa Lucía y el Patio Portal.",4:30 a.m. , 10:40 p.m.,5:00 a.m. , 10:00 p.m.,5:30 a.m. , 9:30 p.m.,Esta ruta comparte vías con el tráﬁco mixto.,2024-05-15,IDA,10.3963673,-75.475723
155,P17 , Inicio Simon Bolivar,A105,S. Bolívar - Socorro - Santa Lucia,ALIMENTADORAS,"Inician sus recorridos en los barrios de la ciudad, y captan y distribuyen la demanda hacia la estación de transferencia Santa Lucía y el Patio Portal.",4:30 a.m. , 10:40 p.m.,5:00 a.m. , 10:00 p.m.,5:30 a.m. , 9:30 p.m.,Esta ruta comparte vías con el tráﬁco mixto.,2024-05-15,IDA,10.3955594,-75.4776261
156,P18 , Parque Simon Bolivar,A105,S. Bolívar - Socorro - Santa Lucia,ALIMENTADORAS,"Inician sus recorridos en los barrios de la ciudad, y captan y distribuyen la demanda hacia la estación de transferencia Santa Lucía y el Patio Portal.",4:30 a.m. , 10:40 p.m.,5:00 a.m. , 10:00 p.m.,5:30 a.m. , 9:30 p.m.,Esta ruta comparte vías con el tráﬁco mixto.,2024-05-15,VUELTA,10.3947123,-75.4794846
157,P19 , Parque 11 de Noviembre,A105,S. Bolívar - Socorro - Santa Lucia,ALIMENTADORAS,"Inician sus recorridos en los barrios de la ciudad, y captan y distribuyen la demanda hacia la estación de transferencia Santa Lucía y el Patio Portal.",4:30 a.m. , 10:40 p.m.,5:00 a.m. , 10:00 p.m.,5:30 a.m. , 9:30 p.m.,Esta ruta comparte vías con el tráﬁco mixto.,2024-05-15,VUELTA,10.3959448,-75.4766382
158,P20 , Portal de Medellin,A105,S. Bolívar - Socorro - Santa Lucia,ALIMENTADORAS,"Inician sus recorridos en los barrios de la ciudad, y captan y distribuyen la demanda hacia la estación de transferencia Santa Lucía y el Patio Portal.",4:30 a.m. , 10:40 p.m.,5:00 a.m. , 10:00 p.m.,5:30 a.m. , 9:30 p.m.,Esta ruta comparte vías con el tráﬁco mixto.,2024-05-15,VUELTA,10.3966256,-75.4754971
159,P21 , Calamarí,A105,S. Bolívar - Socorro - Santa Lucia,ALIMENTADORAS,"Inician sus recorridos en los barrios de la ciudad, y captan y distribuyen la demanda hacia la estación de transferencia Santa Lucía y el Patio Portal.",4:30 a.m. , 10:40 p.m.,5:00 a.m. , 10:00 p.m.,5:30 a.m. , 9:30 p.m.,Esta ruta comparte vías con el tráﬁco mixto.,2024-05-15,VUELTA,10.3955109,-75.4780315
160,P22 , Clinica ESE Rafael Calvo,A105,S. Bolívar - Socorro - Santa Lucia,ALIMENTADORAS,"Inician sus recorridos en los barrios de la ciudad, y captan y distribuyen la demanda hacia la estación de transferencia Santa Lucía y el Patio Portal.",4:30 a.m. , 10:40 p.m.,5:00 a.m. , 10:00 p.m.,5:30 a.m. , 9:30 p.m.,Esta ruta comparte vías con el tráﬁco mixto.,2024-05-15,VUELTA,10.3942404,-75.4808065
161,P23 , Portales de San Fernando,A105,S. Bolívar - Socorro - Santa Lucia,ALIMENTADORAS,"Inician sus recorridos en los barrios de la ciudad, y captan y distribuyen la demanda hacia la estación de transferencia Santa Lucía y el Patio Portal.",4:30 a.m. , 10:40 p.m.,5:00 a.m. , 10:00 p.m.,5:30 a.m. , 9:30 p.m.,Esta ruta comparte vías con el tráﬁco mixto.,2024-05-15,VUELTA,10.3932681,-75.4829429
162,P24 , Efecty Socorro MG1 L22,A105,S. Bolívar - Socorro - Santa Lucia,ALIMENTADORAS,"Inician sus recorridos en los barrios de la ciudad, y captan y distribuyen la demanda hacia la estación de transferencia Santa Lucía y el Patio Portal.",4:30 a.m. , 10:40 p.m.,5:00 a.m. , 10:00 p.m.,5:30 a.m. , 9:30 p.m.,Esta ruta comparte vías con el tráﬁco mixto.,2024-05-15,VUELTA,10.391972,-75.4810034
163,P25 , Los Jardines MG2 L16,A105,S. Bolívar - Socorro - Santa Lucia,ALIMENTADORAS,"Inician sus recorridos en los barrios de la ciudad, y captan y distribuyen la demanda hacia la estación de transferencia Santa Lucía y el Patio Portal.",4:30 a.m. , 10:40 p.m.,5:00 a.m. , 10:00 p.m.,5:30 a.m. , 9:30 p.m.,Esta ruta comparte vías con el tráﬁco mixto.,2024-05-15,VUELTA,10.3894897,-75.4811621
164,P26 , Olimpica Carmelo,A105,S. Bolívar - Socorro - Santa Lucia,ALIMENTADORAS,"Inician sus recorridos en los barrios de la ciudad, y captan y distribuyen la demanda hacia la estación de transferencia Santa Lucía y el Patio Portal.",4:30 a.m. , 10:40 p.m.,5:00 a.m. , 10:00 p.m.,5:30 a.m. , 9:30 p.m.,Esta ruta comparte vías con el tráﬁco mixto.,2024-05-15,VUELTA,10.3849794,-75.4826137
165,P27 , Supergiros,A105,S. Bolívar - Socorro - Santa Lucia,ALIMENTADORAS,"Inician sus recorridos en los barrios de la ciudad, y captan y distribuyen la demanda hacia la estación de transferencia Santa Lucía y el Patio Portal.",4:30 a.m. , 10:40 p.m.,5:00 a.m. , 10:00 p.m.,5:30 a.m. , 9:30 p.m.,Esta ruta comparte vías con el tráﬁco mixto.,2024-05-15,VUELTA,10.3825902,-75.4834799
166,P28 , Colegio Juan Jose Nieto,A105,S. Bolívar - Socorro - Santa Lucia,ALIMENTADORAS,"Inician sus recorridos en los barrios de la ciudad, y captan y distribuyen la demanda hacia la estación de transferencia Santa Lucía y el Patio Portal.",4:30 a.m. , 10:40 p.m.,5:00 a.m. , 10:00 p.m.,5:30 a.m. , 9:30 p.m.,Esta ruta comparte vías con el tráﬁco mixto.,2024-05-15,VUELTA,10.3797987,-75.4845236
167,P29 , Biblioteca Distrital,A105,S. Bolívar - Socorro - Santa Lucia,ALIMENTADORAS,"Inician sus recorridos en los barrios de la ciudad, y captan y distribuyen la demanda hacia la estación de transferencia Santa Lucía y el Patio Portal.",4:30 a.m. , 10:40 p.m.,5:00 a.m. , 10:00 p.m.,5:30 a.m. , 9:30 p.m.,Esta ruta comparte vías con el tráﬁco mixto.,2024-05-15,VUELTA,10.3795481,-75.4803147
168,P30 , Bodytech,A105,S. Bolívar - Socorro - Santa Lucia,ALIMENTADORAS,"Inician sus recorridos en los barrios de la ciudad, y captan y distribuyen la demanda hacia la estación de transferencia Santa Lucía y el Patio Portal.",4:30 a.m. , 10:40 p.m.,5:00 a.m. , 10:00 p.m.,5:30 a.m. , 9:30 p.m.,Esta ruta comparte vías con el tráﬁco mixto.,2024-05-15,VUELTA,10.3792026,-75.477675
169,P31 , Coliseo Colegio Biffi,A105,S. Bolívar - Socorro - Santa Lucia,ALIMENTADORAS,"Inician sus recorridos en los barrios de la ciudad, y captan y distribuyen la demanda hacia la estación de transferencia Santa Lucía y el Patio Portal.",4:30 a.m. , 10:40 p.m.,5:00 a.m. , 10:00 p.m.,5:30 a.m. , 9:30 p.m.,Esta ruta comparte vías con el tráﬁco mixto.,2024-05-15,VUELTA,10.3789585,-75.4741389
170,P32 , Clinica Madre Bernarda,A105,S. Bolívar - Socorro - Santa Lucia,ALIMENTADORAS,"Inician sus recorridos en los barrios de la ciudad, y captan y distribuyen la demanda hacia la estación de transferencia Santa Lucía y el Patio Portal.",4:30 a.m. , 10:40 p.m.,5:00 a.m. , 10:00 p.m.,5:30 a.m. , 9:30 p.m.,Esta ruta comparte vías con el tráﬁco mixto.,2024-05-15,VUELTA,10.3812746,-75.469789
171,P33 , Transferencia Santa Lucia,A105,S. Bolívar - Socorro - Santa Lucia,ALIMENTADORAS,"Inician sus recorridos en los barrios de la ciudad, y captan y distribuyen la demanda hacia la estación de transferencia Santa Lucía y el Patio Portal.",4:30 a.m. , 10:40 p.m.,5:00 a.m. , 10:00 p.m.,5:30 a.m. , 9:30 p.m.,Esta ruta comparte vías con el tráﬁco mixto.,2024-05-15,VUELTA,10.3826993,-75.4667225
