Gid,Paraderos,Ubicacion_del_Paradero,Codigo_Rutas,Rutas,Tipo,Descripcion,Horario_Lunes-Viernes_Salida1,Horario_Lunes-Viernes - Salida2,Horario_Sabado_Salida1,Horario_Sabado_Salida2,Horario_Domingo-Festivo_Salida1,Horario_Domingo-Festivo_Salida2,Nota,Fecha_Activacion,Sentido,lat,lng
651,P01 , Patio Portal B6,X102,Portal - Bosque - Centro,PRETRONCALES,"Se mueven por corredores pretroncales, y en algún punto de su recorrido, tocan la troncal y circulan por el carril solo bus.",5:00 a.m. , 9:00 p.m.,5:30 a.m. , 8:30 p.m.,6:00 a.m. , 8:00 p.m.,Esta ruta comparte vías con el tráﬁco mixto.,2024-05-15,IDA,10.396242,-75.472251
652,P02 , Madre Bernarda B1,X102,Portal - Bosque - Centro,PRETRONCALES,"Se mueven por corredores pretroncales, y en algún punto de su recorrido, tocan la troncal y circulan por el carril solo bus.",5:00 a.m. , 9:00 p.m.,5:30 a.m. , 8:30 p.m.,6:00 a.m. , 8:00 p.m.,Esta ruta comparte vías con el tráﬁco mixto.,2024-05-15,IDA,10.396289079999999,-75.47182204
653,P03 , Chinatown,X102,Portal - Bosque - Centro,PRETRONCALES,"Se mueven por corredores pretroncales, y en algún punto de su recorrido, tocan la troncal y circulan por el carril solo bus.",5:00 a.m. , 9:00 p.m.,5:30 a.m. , 8:30 p.m.,6:00 a.m. , 8:00 p.m.,Esta ruta comparte vías con el tráﬁco mixto.,2024-05-15,IDA,10.39741352,-75.47316943999999
654,P04 , Clinica Blas de Lezo,X102,Portal - Bosque - Centro,PRETRONCALES,"Se mueven por corredores pretroncales, y en algún punto de su recorrido, tocan la troncal y circulan por el carril solo bus.",5:00 a.m. , 9:00 p.m.,5:30 a.m. , 8:30 p.m.,6:00 a.m. , 8:00 p.m.,Esta ruta comparte vías con el tráﬁco mixto.,2024-05-15,IDA,10.395935960000001,-75.47685568
655,P05 , Auto Coreano,X102,Portal - Bosque - Centro,PRETRONCALES,"Se mueven por corredores pretroncales, y en algún punto de su recorrido, tocan la troncal y circulan por el carril solo bus.",5:00 a.m. , 9:00 p.m.,5:30 a.m. , 8:30 p.m.,6:00 a.m. , 8:00 p.m.,Esta ruta comparte vías con el tráﬁco mixto.,2024-05-15,IDA,10.3945794,-75.48005908
656,P06 , Entrada Buenas Aires,X102,Portal - Bosque - Centro,PRETRONCALES,"Se mueven por corredores pretroncales, y en algún punto de su recorrido, tocan la troncal y circulan por el carril solo bus.",5:00 a.m. , 9:00 p.m.,5:30 a.m. , 8:30 p.m.,6:00 a.m. , 8:00 p.m.,Esta ruta comparte vías con el tráﬁco mixto.,2024-05-15,IDA,10.393298399999999,-75.4831414
657,P07 , Entrada La Troncal,X102,Portal - Bosque - Centro,PRETRONCALES,"Se mueven por corredores pretroncales, y en algún punto de su recorrido, tocan la troncal y circulan por el carril solo bus.",5:00 a.m. , 9:00 p.m.,5:30 a.m. , 8:30 p.m.,6:00 a.m. , 8:00 p.m.,Esta ruta comparte vías con el tráﬁco mixto.,2024-05-15,IDA,10.39103456,-75.48855808
658,P08 , Plaza Colon,X102,Portal - Bosque - Centro,PRETRONCALES,"Se mueven por corredores pretroncales, y en algún punto de su recorrido, tocan la troncal y circulan por el carril solo bus.",5:00 a.m. , 9:00 p.m.,5:30 a.m. , 8:30 p.m.,6:00 a.m. , 8:00 p.m.,Esta ruta comparte vías con el tráﬁco mixto.,2024-05-15,IDA,10.39012344,-75.49287324
659,P09 , Colegio INEM,X102,Portal - Bosque - Centro,PRETRONCALES,"Se mueven por corredores pretroncales, y en algún punto de su recorrido, tocan la troncal y circulan por el carril solo bus.",5:00 a.m. , 9:00 p.m.,5:30 a.m. , 8:30 p.m.,6:00 a.m. , 8:00 p.m.,Esta ruta comparte vías con el tráﬁco mixto.,2024-05-15,IDA,10.389206119999999,-75.49829559999999
660,P10 , Universidad del Sinu,X102,Portal - Bosque - Centro,PRETRONCALES,"Se mueven por corredores pretroncales, y en algún punto de su recorrido, tocan la troncal y circulan por el carril solo bus.",5:00 a.m. , 9:00 p.m.,5:30 a.m. , 8:30 p.m.,6:00 a.m. , 8:00 p.m.,Esta ruta comparte vías con el tráﬁco mixto.,2024-05-15,IDA,10.388252320000001,-75.50369236
661,P11 , Clinica El Bosque,X102,Portal - Bosque - Centro,PRETRONCALES,"Se mueven por corredores pretroncales, y en algún punto de su recorrido, tocan la troncal y circulan por el carril solo bus.",5:00 a.m. , 9:00 p.m.,5:30 a.m. , 8:30 p.m.,6:00 a.m. , 8:00 p.m.,Esta ruta comparte vías con el tráﬁco mixto.,2024-05-15,IDA,10.3876646,-75.5115058
662,P12 , Entrada Nuevo Bosque,X102,Portal - Bosque - Centro,PRETRONCALES,"Se mueven por corredores pretroncales, y en algún punto de su recorrido, tocan la troncal y circulan por el carril solo bus.",5:00 a.m. , 9:00 p.m.,5:30 a.m. , 8:30 p.m.,6:00 a.m. , 8:00 p.m.,Esta ruta comparte vías con el tráﬁco mixto.,2024-05-15,IDA,10.3901346,-75.51581992
663,P13 , Estación de Policia Nuevo Bosque,X102,Portal - Bosque - Centro,PRETRONCALES,"Se mueven por corredores pretroncales, y en algún punto de su recorrido, tocan la troncal y circulan por el carril solo bus.",5:00 a.m. , 9:00 p.m.,5:30 a.m. , 8:30 p.m.,6:00 a.m. , 8:00 p.m.,Esta ruta comparte vías con el tráﬁco mixto.,2024-05-15,IDA,10.40038212,-75.51895368000001
664,P14 , San Isidro No. 25-43,X102,Portal - Bosque - Centro,PRETRONCALES,"Se mueven por corredores pretroncales, y en algún punto de su recorrido, tocan la troncal y circulan por el carril solo bus.",5:00 a.m. , 9:00 p.m.,5:30 a.m. , 8:30 p.m.,6:00 a.m. , 8:00 p.m.,Esta ruta comparte vías con el tráﬁco mixto.,2024-05-15,IDA,10.4066624,-75.52083596
665,P15 , Entrada San Isidro No. 53-58,X102,Portal - Bosque - Centro,PRETRONCALES,"Se mueven por corredores pretroncales, y en algún punto de su recorrido, tocan la troncal y circulan por el carril solo bus.",5:00 a.m. , 9:00 p.m.,5:30 a.m. , 8:30 p.m.,6:00 a.m. , 8:00 p.m.,Esta ruta comparte vías con el tráﬁco mixto.,2024-05-15,IDA,10.41065392,-75.52213499999999
666,P16 , Crisanto Luque Los olivos No. 52-49,X102,Portal - Bosque - Centro,PRETRONCALES,"Se mueven por corredores pretroncales, y en algún punto de su recorrido, tocan la troncal y circulan por el carril solo bus.",5:00 a.m. , 9:00 p.m.,5:30 a.m. , 8:30 p.m.,6:00 a.m. , 8:00 p.m.,Esta ruta comparte vías con el tráﬁco mixto.,2024-05-15,IDA,10.4121164,-75.52135840000001
667,P17 , Paradero Provisional,X102,Portal - Bosque - Centro,PRETRONCALES,"Se mueven por corredores pretroncales, y en algún punto de su recorrido, tocan la troncal y circulan por el carril solo bus.",5:00 a.m. , 9:00 p.m.,5:30 a.m. , 8:30 p.m.,6:00 a.m. , 8:00 p.m.,Esta ruta comparte vías con el tráﬁco mixto.,2024-05-15,IDA,10.41564288,-75.5269076
668,P18 , El Marión No. 46-43,X102,Portal - Bosque - Centro,PRETRONCALES,"Se mueven por corredores pretroncales, y en algún punto de su recorrido, tocan la troncal y circulan por el carril solo bus.",5:00 a.m. , 9:00 p.m.,5:30 a.m. , 8:30 p.m.,6:00 a.m. , 8:00 p.m.,Esta ruta comparte vías con el tráﬁco mixto.,2024-05-15,IDA,10.419658120000001,-75.53042424
669,P19 , Supergiros Bruselas,X102,Portal - Bosque - Centro,PRETRONCALES,"Se mueven por corredores pretroncales, y en algún punto de su recorrido, tocan la troncal y circulan por el carril solo bus.",5:00 a.m. , 9:00 p.m.,5:30 a.m. , 8:30 p.m.,6:00 a.m. , 8:00 p.m.,Esta ruta comparte vías con el tráﬁco mixto.,2024-05-15,IDA,10.421720959999998,-75.53265496
670,P20 , EDS Esso Bruselas,X102,Portal - Bosque - Centro,PRETRONCALES,"Se mueven por corredores pretroncales, y en algún punto de su recorrido, tocan la troncal y circulan por el carril solo bus.",5:00 a.m. , 9:00 p.m.,5:30 a.m. , 8:30 p.m.,6:00 a.m. , 8:00 p.m.,Esta ruta comparte vías con el tráﬁco mixto.,2024-05-15,IDA,10.422530479999999,-75.53567207999998
671,P21 , EDS Mobil El Bosque,X102,Portal - Bosque - Centro,PRETRONCALES,"Se mueven por corredores pretroncales, y en algún punto de su recorrido, tocan la troncal y circulan por el carril solo bus.",5:00 a.m. , 9:00 p.m.,5:30 a.m. , 8:30 p.m.,6:00 a.m. , 8:00 p.m.,Esta ruta comparte vías con el tráﬁco mixto.,2024-05-15,IDA,10.4246252,-75.5389488
672,P22 , Bazurto A1,X102,Portal - Bosque - Centro,PRETRONCALES,"Se mueven por corredores pretroncales, y en algún punto de su recorrido, tocan la troncal y circulan por el carril solo bus.",5:00 a.m. , 9:00 p.m.,5:30 a.m. , 8:30 p.m.,6:00 a.m. , 8:00 p.m.,Esta ruta comparte vías con el tráﬁco mixto.,2024-05-15,IDA,10.42737876,-75.54277728000001
673,P23 , Delicias A1,X102,Portal - Bosque - Centro,PRETRONCALES,"Se mueven por corredores pretroncales, y en algún punto de su recorrido, tocan la troncal y circulan por el carril solo bus.",5:00 a.m. , 9:00 p.m.,5:30 a.m. , 8:30 p.m.,6:00 a.m. , 8:00 p.m.,Esta ruta comparte vías con el tráﬁco mixto.,2024-05-15,IDA,10.4253546,-75.54631124
674,P24 , Lo Amador A1,X102,Portal - Bosque - Centro,PRETRONCALES,"Se mueven por corredores pretroncales, y en algún punto de su recorrido, tocan la troncal y circulan por el carril solo bus.",5:00 a.m. , 9:00 p.m.,5:30 a.m. , 8:30 p.m.,6:00 a.m. , 8:00 p.m.,Esta ruta comparte vías con el tráﬁco mixto.,2024-05-15,IDA,10.42258376,-75.54908052
675,P25 , Centro B1,X102,Portal - Bosque - Centro,PRETRONCALES,"Se mueven por corredores pretroncales, y en algún punto de su recorrido, tocan la troncal y circulan por el carril solo bus.",5:00 a.m. , 9:00 p.m.,5:30 a.m. , 8:30 p.m.,6:00 a.m. , 8:00 p.m.,Esta ruta comparte vías con el tráﬁco mixto.,2024-05-15,IDA,10.42057528,-75.5508892
676,P26 , La Bodeguita A1,X102,Portal - Bosque - Centro,PRETRONCALES,"Se mueven por corredores pretroncales, y en algún punto de su recorrido, tocan la troncal y circulan por el carril solo bus.",5:00 a.m. , 9:00 p.m.,5:30 a.m. , 8:30 p.m.,6:00 a.m. , 8:00 p.m.,Esta ruta comparte vías con el tráﬁco mixto.,2024-05-15,IDA,10.419184,-75.552437
677,P27 , La Bodeguita B2,X102,Portal - Bosque - Centro,PRETRONCALES,"Se mueven por corredores pretroncales, y en algún punto de su recorrido, tocan la troncal y circulan por el carril solo bus.",5:00 a.m. , 9:00 p.m.,5:30 a.m. , 8:30 p.m.,6:00 a.m. , 8:00 p.m.,Esta ruta comparte vías con el tráﬁco mixto.,2024-05-15,VUELTA,10.419184,-75.552437
678,P28 , Centro B2,X102,Portal - Bosque - Centro,PRETRONCALES,"Se mueven por corredores pretroncales, y en algún punto de su recorrido, tocan la troncal y circulan por el carril solo bus.",5:00 a.m. , 9:00 p.m.,5:30 a.m. , 8:30 p.m.,6:00 a.m. , 8:00 p.m.,Esta ruta comparte vías con el tráﬁco mixto.,2024-05-15,VUELTA,10.419420299999999,-75.5518761
679,P29 , Lo Amador A2,X102,Portal - Bosque - Centro,PRETRONCALES,"Se mueven por corredores pretroncales, y en algún punto de su recorrido, tocan la troncal y circulan por el carril solo bus.",5:00 a.m. , 9:00 p.m.,5:30 a.m. , 8:30 p.m.,6:00 a.m. , 8:00 p.m.,Esta ruta comparte vías con el tráﬁco mixto.,2024-05-15,VUELTA,10.4220672,-75.5495116
680,P30 , Delicias A2,X102,Portal - Bosque - Centro,PRETRONCALES,"Se mueven por corredores pretroncales, y en algún punto de su recorrido, tocan la troncal y circulan por el carril solo bus.",5:00 a.m. , 9:00 p.m.,5:30 a.m. , 8:30 p.m.,6:00 a.m. , 8:00 p.m.,Esta ruta comparte vías con el tráﬁco mixto.,2024-05-15,VUELTA,10.4246477,-75.54702230000001
681,P31 , Bazurto A2,X102,Portal - Bosque - Centro,PRETRONCALES,"Se mueven por corredores pretroncales, y en algún punto de su recorrido, tocan la troncal y circulan por el carril solo bus.",5:00 a.m. , 9:00 p.m.,5:30 a.m. , 8:30 p.m.,6:00 a.m. , 8:00 p.m.,Esta ruta comparte vías con el tráﬁco mixto.,2024-05-15,VUELTA,10.427313000000002,-75.5429996
682,P32 , Martinez Martelo Dg 22 No. 20-50,X102,Portal - Bosque - Centro,PRETRONCALES,"Se mueven por corredores pretroncales, y en algún punto de su recorrido, tocan la troncal y circulan por el carril solo bus.",5:00 a.m. , 9:00 p.m.,5:30 a.m. , 8:30 p.m.,6:00 a.m. , 8:00 p.m.,Esta ruta comparte vías con el tráﬁco mixto.,2024-05-15,VUELTA,10.424108499999999,-75.53836799999999
683,P33 , Cancha Microfutbol Martinez Martelo,X102,Portal - Bosque - Centro,PRETRONCALES,"Se mueven por corredores pretroncales, y en algún punto de su recorrido, tocan la troncal y circulan por el carril solo bus.",5:00 a.m. , 9:00 p.m.,5:30 a.m. , 8:30 p.m.,6:00 a.m. , 8:00 p.m.,Esta ruta comparte vías con el tráﬁco mixto.,2024-05-15,VUELTA,10.422057200000001,-75.5334776
684,P34 , La Cuchilla,X102,Portal - Bosque - Centro,PRETRONCALES,"Se mueven por corredores pretroncales, y en algún punto de su recorrido, tocan la troncal y circulan por el carril solo bus.",5:00 a.m. , 9:00 p.m.,5:30 a.m. , 8:30 p.m.,6:00 a.m. , 8:00 p.m.,Esta ruta comparte vías con el tráﬁco mixto.,2024-05-15,VUELTA,10.4197573,-75.53056649999999
685,P35 , Coca Cola,X102,Portal - Bosque - Centro,PRETRONCALES,"Se mueven por corredores pretroncales, y en algún punto de su recorrido, tocan la troncal y circulan por el carril solo bus.",5:00 a.m. , 9:00 p.m.,5:30 a.m. , 8:30 p.m.,6:00 a.m. , 8:00 p.m.,Esta ruta comparte vías con el tráﬁco mixto.,2024-05-15,VUELTA,10.414652,-75.5255024
686,P36 , Calle del Mamón,X102,Portal - Bosque - Centro,PRETRONCALES,"Se mueven por corredores pretroncales, y en algún punto de su recorrido, tocan la troncal y circulan por el carril solo bus.",5:00 a.m. , 9:00 p.m.,5:30 a.m. , 8:30 p.m.,6:00 a.m. , 8:00 p.m.,Esta ruta comparte vías con el tráﬁco mixto.,2024-05-15,VUELTA,10.411675200000001,-75.5215544
687,P37 , El Refugio,X102,Portal - Bosque - Centro,PRETRONCALES,"Se mueven por corredores pretroncales, y en algún punto de su recorrido, tocan la troncal y circulan por el carril solo bus.",5:00 a.m. , 9:00 p.m.,5:30 a.m. , 8:30 p.m.,6:00 a.m. , 8:00 p.m.,Esta ruta comparte vías con el tráﬁco mixto.,2024-05-15,VUELTA,10.408397,-75.521519
688,P38 , Olimpica Alto Bosque,X102,Portal - Bosque - Centro,PRETRONCALES,"Se mueven por corredores pretroncales, y en algún punto de su recorrido, tocan la troncal y circulan por el carril solo bus.",5:00 a.m. , 9:00 p.m.,5:30 a.m. , 8:30 p.m.,6:00 a.m. , 8:00 p.m.,Esta ruta comparte vías con el tráﬁco mixto.,2024-05-15,VUELTA,10.4059392,-75.5236784
689,P39 , Alto Bosque Tv 51,X102,Portal - Bosque - Centro,PRETRONCALES,"Se mueven por corredores pretroncales, y en algún punto de su recorrido, tocan la troncal y circulan por el carril solo bus.",5:00 a.m. , 9:00 p.m.,5:30 a.m. , 8:30 p.m.,6:00 a.m. , 8:00 p.m.,Esta ruta comparte vías con el tráﬁco mixto.,2024-05-15,VUELTA,10.4049688,-75.5235514
690,P40 , Colegio Olga Gonzalez Arrauth,X102,Portal - Bosque - Centro,PRETRONCALES,"Se mueven por corredores pretroncales, y en algún punto de su recorrido, tocan la troncal y circulan por el carril solo bus.",5:00 a.m. , 9:00 p.m.,5:30 a.m. , 8:30 p.m.,6:00 a.m. , 8:00 p.m.,Esta ruta comparte vías con el tráﬁco mixto.,2024-05-15,VUELTA,10.404218100000001,-75.5214364
691,P41 , Nuevo Oriente (Bascula),X102,Portal - Bosque - Centro,PRETRONCALES,"Se mueven por corredores pretroncales, y en algún punto de su recorrido, tocan la troncal y circulan por el carril solo bus.",5:00 a.m. , 9:00 p.m.,5:30 a.m. , 8:30 p.m.,6:00 a.m. , 8:00 p.m.,Esta ruta comparte vías con el tráﬁco mixto.,2024-05-15,VUELTA,10.3983442,-75.51843099999999
692,P42 , Bajo San Isidro,X102,Portal - Bosque - Centro,PRETRONCALES,"Se mueven por corredores pretroncales, y en algún punto de su recorrido, tocan la troncal y circulan por el carril solo bus.",5:00 a.m. , 9:00 p.m.,5:30 a.m. , 8:30 p.m.,6:00 a.m. , 8:00 p.m.,Esta ruta comparte vías con el tráﬁco mixto.,2024-05-15,VUELTA,10.3907275,-75.5161265
693,P43 , Entrada Ceballos,X102,Portal - Bosque - Centro,PRETRONCALES,"Se mueven por corredores pretroncales, y en algún punto de su recorrido, tocan la troncal y circulan por el carril solo bus.",5:00 a.m. , 9:00 p.m.,5:30 a.m. , 8:30 p.m.,6:00 a.m. , 8:00 p.m.,Esta ruta comparte vías con el tráﬁco mixto.,2024-05-15,VUELTA,10.387909399999998,-75.5127866
694,P44 , Proleca,X102,Portal - Bosque - Centro,PRETRONCALES,"Se mueven por corredores pretroncales, y en algún punto de su recorrido, tocan la troncal y circulan por el carril solo bus.",5:00 a.m. , 9:00 p.m.,5:30 a.m. , 8:30 p.m.,6:00 a.m. , 8:00 p.m.,Esta ruta comparte vías con el tráﬁco mixto.,2024-05-15,VUELTA,10.383733999999999,-75.5060546
695,P45 , Los Corales,X102,Portal - Bosque - Centro,PRETRONCALES,"Se mueven por corredores pretroncales, y en algún punto de su recorrido, tocan la troncal y circulan por el carril solo bus.",5:00 a.m. , 9:00 p.m.,5:30 a.m. , 8:30 p.m.,6:00 a.m. , 8:00 p.m.,Esta ruta comparte vías con el tráﬁco mixto.,2024-05-15,VUELTA,10.3801506,-75.503252
696,P46 , Edificio Conjunto Militar Los Corales,X102,Portal - Bosque - Centro,PRETRONCALES,"Se mueven por corredores pretroncales, y en algún punto de su recorrido, tocan la troncal y circulan por el carril solo bus.",5:00 a.m. , 9:00 p.m.,5:30 a.m. , 8:30 p.m.,6:00 a.m. , 8:00 p.m.,Esta ruta comparte vías con el tráﬁco mixto.,2024-05-15,VUELTA,10.3839262,-75.50072349999999
697,P47 , Clinica El Bosque V,X102,Portal - Bosque - Centro,PRETRONCALES,"Se mueven por corredores pretroncales, y en algún punto de su recorrido, tocan la troncal y circulan por el carril solo bus.",5:00 a.m. , 9:00 p.m.,5:30 a.m. , 8:30 p.m.,6:00 a.m. , 8:00 p.m.,Esta ruta comparte vías con el tráﬁco mixto.,2024-05-15,VUELTA,10.386403,-75.501609
698,P48 , Universidad del Sinu V,X102,Portal - Bosque - Centro,PRETRONCALES,"Se mueven por corredores pretroncales, y en algún punto de su recorrido, tocan la troncal y circulan por el carril solo bus.",5:00 a.m. , 9:00 p.m.,5:30 a.m. , 8:30 p.m.,6:00 a.m. , 8:00 p.m.,Esta ruta comparte vías con el tráﬁco mixto.,2024-05-15,VUELTA,10.388410499999999,-75.5022768
699,P49 , Colegio INEM V,X102,Portal - Bosque - Centro,PRETRONCALES,"Se mueven por corredores pretroncales, y en algún punto de su recorrido, tocan la troncal y circulan por el carril solo bus.",5:00 a.m. , 9:00 p.m.,5:30 a.m. , 8:30 p.m.,6:00 a.m. , 8:00 p.m.,Esta ruta comparte vías con el tráﬁco mixto.,2024-05-15,VUELTA,10.389074399999998,-75.49837199999999
700,P50 , Entrada Almirante Colon,X102,Portal - Bosque - Centro,PRETRONCALES,"Se mueven por corredores pretroncales, y en algún punto de su recorrido, tocan la troncal y circulan por el carril solo bus.",5:00 a.m. , 9:00 p.m.,5:30 a.m. , 8:30 p.m.,6:00 a.m. , 8:00 p.m.,Esta ruta comparte vías con el tráﬁco mixto.,2024-05-15,VUELTA,10.389817899999999,-75.49277550000001
701,P51 , Napoleon Perea,X102,Portal - Bosque - Centro,PRETRONCALES,"Se mueven por corredores pretroncales, y en algún punto de su recorrido, tocan la troncal y circulan por el carril solo bus.",5:00 a.m. , 9:00 p.m.,5:30 a.m. , 8:30 p.m.,6:00 a.m. , 8:00 p.m.,Esta ruta comparte vías con el tráﬁco mixto.,2024-05-15,VUELTA,10.3906404,-75.48927180000001
702,P52 , Entrada Los Caracoles,X102,Portal - Bosque - Centro,PRETRONCALES,"Se mueven por corredores pretroncales, y en algún punto de su recorrido, tocan la troncal y circulan por el carril solo bus.",5:00 a.m. , 9:00 p.m.,5:30 a.m. , 8:30 p.m.,6:00 a.m. , 8:00 p.m.,Esta ruta comparte vías con el tráﬁco mixto.,2024-05-15,VUELTA,10.392993,-75.48345549999999
703,P53 , Olimpica Caracoles,X102,Portal - Bosque - Centro,PRETRONCALES,"Se mueven por corredores pretroncales, y en algún punto de su recorrido, tocan la troncal y circulan por el carril solo bus.",5:00 a.m. , 9:00 p.m.,5:30 a.m. , 8:30 p.m.,6:00 a.m. , 8:00 p.m.,Esta ruta comparte vías con el tráﬁco mixto.,2024-05-15,VUELTA,10.3924436,-75.4809712
704,P54 , Aguas de Cartagena,X102,Portal - Bosque - Centro,PRETRONCALES,"Se mueven por corredores pretroncales, y en algún punto de su recorrido, tocan la troncal y circulan por el carril solo bus.",5:00 a.m. , 9:00 p.m.,5:30 a.m. , 8:30 p.m.,6:00 a.m. , 8:00 p.m.,Esta ruta comparte vías con el tráﬁco mixto.,2024-05-15,VUELTA,10.3941355,-75.4808242
705,P55 , Piko Riko,X102,Portal - Bosque - Centro,PRETRONCALES,"Se mueven por corredores pretroncales, y en algún punto de su recorrido, tocan la troncal y circulan por el carril solo bus.",5:00 a.m. , 9:00 p.m.,5:30 a.m. , 8:30 p.m.,6:00 a.m. , 8:00 p.m.,Esta ruta comparte vías con el tráﬁco mixto.,2024-05-15,VUELTA,10.395821000000002,-75.4769822
706,P56 , Madre Bernarda B2,X102,Portal - Bosque - Centro,PRETRONCALES,"Se mueven por corredores pretroncales, y en algún punto de su recorrido, tocan la troncal y circulan por el carril solo bus.",5:00 a.m. , 9:00 p.m.,5:30 a.m. , 8:30 p.m.,6:00 a.m. , 8:00 p.m.,Esta ruta comparte vías con el tráﬁco mixto.,2024-05-15,VUELTA,10.3972991,-75.4733721
707,P57 , Patio Portal B2,X102,Portal - Bosque - Centro,PRETRONCALES,"Se mueven por corredores pretroncales, y en algún punto de su recorrido, tocan la troncal y circulan por el carril solo bus.",5:00 a.m. , 9:00 p.m.,5:30 a.m. , 8:30 p.m.,6:00 a.m. , 8:00 p.m.,Esta ruta comparte vías con el tráﬁco mixto.,2024-05-15,VUELTA,10.396242,-75.472251
